run_id	seed	adaptive	n_modules	router	tokens	mean_nll	j_per_nat	tok_per_sec	joules
s1_adaptOFF_nom_pristiner	1	false	0	pristine	1499	8.519917	0.007330	240.18	93.6154
s1_adaptOFF_nom_trainedr	1	false	0	trained	1499	8.522021	0.007194	244.66	91.9021
s1_adaptOFF_withm_pristiner	1	false	0	pristine	1499	8.519917	0.007041	250.04	89.9269
s1_adaptOFF_withm_trainedr	1	false	0	trained	1499	8.522021	0.006979	252.21	89.1504
s1_adaptON_nom_pristiner	1	true	0	pristine	1499	8.513761	0.007661	229.98	97.7681
s1_adaptON_nom_trainedr	1	true	0	trained	1499	8.502350	0.007831	225.29	99.8027
s1_adaptON_withm_pristiner	1	true	0	pristine	1499	8.513761	0.008517	206.85	108.7004
s1_adaptON_withm_trainedr	1	true	0	trained	1499	8.502350	0.008441	209.00	107.5816
s2_adaptOFF_nom_pristiner	2	false	0	pristine	1499	8.519917	0.007826	224.96	99.9500
s2_adaptOFF_nom_trainedr	2	false	0	trained	1499	8.522021	0.007630	230.69	97.4697
s2_adaptOFF_withm_pristiner	2	false	0	pristine	1499	8.519917	0.007363	239.10	94.0406
s2_adaptOFF_withm_trainedr	2	false	0	trained	1499	8.522021	0.007723	227.91	98.6579
s2_adaptON_nom_pristiner	2	true	0	pristine	1499	8.513761	0.008404	209.65	107.2499
s2_adaptON_nom_trainedr	2	true	0	trained	1499	8.502350	0.008413	209.70	107.2256
s2_adaptON_withm_pristiner	2	true	0	pristine	1499	8.513761	0.008132	216.65	103.7851
s2_adaptON_withm_trainedr	2	true	0	trained	1499	8.502350	0.008085	218.21	103.0410
s3_adaptOFF_nom_pristiner	3	false	0	pristine	1499	8.519917	0.007541	233.48	96.3055
s3_adaptOFF_nom_trainedr	3	false	0	trained	1499	8.522021	0.008010	219.74	102.3238
s3_adaptOFF_withm_pristiner	3	false	0	pristine	1499	8.519917	0.007929	222.04	101.2663
s3_adaptOFF_withm_trainedr	3	false	0	trained	1499	8.522021	0.010223	172.18	130.5907
s3_adaptON_nom_pristiner	3	true	0	pristine	1499	8.513761	0.011530	152.80	147.1491
s3_adaptON_nom_trainedr	3	true	0	trained	1499	8.502350	0.011687	150.96	148.9473
s3_adaptON_withm_pristiner	3	true	0	pristine	1499	8.513761	0.011211	157.15	143.0785
s3_adaptON_withm_trainedr	3	true	0	trained	1499	8.502350	0.011103	158.90	141.5050
