run	step	nll4k
latent_A	0	8.290700
latent_A	00002500	4.326363
latent_A	00005000	4.218788
latent_A	00007500	4.186649
latent_A	00010000	4.054877
latent_A	00012500	4.050927
latent_A	00015000	3.919685
latent_A	00017500	4.050096
latent_A	00020000	3.981354
latent_B	0	8.290700
latent_B	00002500	4.325493
latent_B	00005000	4.163199
latent_B	00007500	4.074106
latent_B	00010000	4.008914
latent_B	00012500	3.981519
latent_B	00015000	3.844063
latent_B	00017500	3.924385
latent_B	00020000	3.869728
qat_A	0	8.325728
qat_A	00002500	4.282416
qat_A	00005000	4.170568
qat_A	00007500	4.111112
qat_A	00010000	4.062347
qat_A	00012500	4.067318
qat_A	00015000	3.883089
qat_A	00017500	3.996218
qat_A	00020000	3.963169
qat_B	0	8.325728
qat_B	00002500	4.246775
qat_B	00005000	4.152053
qat_B	00007500	4.102472
qat_B	00010000	4.054188
qat_B	00012500	4.036185
qat_B	00015000	3.850091
qat_B	00017500	3.991588
qat_B	00020000	3.914672
